Start Time (UTCG),Stop Time (UTCG),Duration (sec),start_timestamp,end_timestamp,duration_timestamp
6 Nov 2023 00:20:18.968,6 Nov 2023 01:16:22.633,3363.665,1699201218,1699204582,3364
6 Nov 2023 01:52:31.991,6 Nov 2023 02:48:35.867,3363.875,1699206751,1699210115,3364
6 Nov 2023 03:24:44.465,6 Nov 2023 04:20:48.392,3363.927,1699212284,1699215648,3364
6 Nov 2023 04:56:57.322,6 Nov 2023 05:53:01.466,3364.144,1699217817,1699221181,3364
6 Nov 2023 06:29:10.153,6 Nov 2023 07:25:14.528,3364.375,1699223350,1699226714,3364
6 Nov 2023 08:01:22.958,6 Nov 2023 08:57:27.568,3364.61,1699228882,1699232247,3365
6 Nov 2023 09:33:35.737,6 Nov 2023 10:29:40.589,3364.852,1699234415,1699237780,3365
6 Nov 2023 11:05:48.492,6 Nov 2023 12:01:53.603,3365.111,1699239948,1699243313,3365
6 Nov 2023 12:38:01.402,6 Nov 2023 13:34:06.799,3365.397,1699245481,1699248846,3365
6 Nov 2023 14:10:14.196,6 Nov 2023 15:06:19.883,3365.687,1699251014,1699254379,3365
6 Nov 2023 15:42:26.938,6 Nov 2023 16:38:32.901,3365.963,1699256546,1699259912,3366
6 Nov 2023 17:14:39.654,6 Nov 2023 18:10:45.910,3366.256,1699262079,1699265445,3366
6 Nov 2023 18:46:52.352,6 Nov 2023 19:42:58.911,3366.559,1699267612,1699270978,3366
6 Nov 2023 20:19:05.031,6 Nov 2023 21:15:11.894,3366.863,1699273145,1699276511,3366
6 Nov 2023 21:51:17.688,6 Nov 2023 22:47:24.869,3367.181,1699278677,1699282044,3367
6 Nov 2023 23:23:30.326,7 Nov 2023 00:19:37.832,3367.506,1699284210,1699287577,3367
7 Nov 2023 00:55:42.949,7 Nov 2023 01:51:50.784,3367.835,1699289742,1699293110,3368
7 Nov 2023 02:27:55.549,7 Nov 2023 03:24:03.724,3368.175,1699295275,1699298643,3368
7 Nov 2023 04:00:08.379,7 Nov 2023 04:56:16.973,3368.595,1699300808,1699304176,3368
7 Nov 2023 05:32:21.004,7 Nov 2023 06:28:29.959,3368.956,1699306341,1699309709,3368
7 Nov 2023 07:04:33.618,7 Nov 2023 08:00:42.941,3369.323,1699311873,1699315242,3369
7 Nov 2023 08:36:46.218,7 Nov 2023 09:32:55.918,3369.7,1699317406,1699320775,3369
7 Nov 2023 10:08:58.811,7 Nov 2023 11:05:08.890,3370.079,1699322938,1699326308,3370
7 Nov 2023 11:41:11.396,7 Nov 2023 12:37:21.854,3370.458,1699328471,1699331841,3370
7 Nov 2023 13:13:23.969,7 Nov 2023 14:09:34.819,3370.85,1699334003,1699337374,3371
7 Nov 2023 14:45:36.559,7 Nov 2023 15:41:47.826,3371.267,1699339536,1699342907,3371
7 Nov 2023 16:17:49.128,7 Nov 2023 17:14:00.805,3371.677,1699345069,1699348440,3371
7 Nov 2023 17:50:01.691,7 Nov 2023 18:46:13.784,3372.092,1699350601,1699353973,3372
7 Nov 2023 19:22:14.248,7 Nov 2023 20:18:26.761,3372.514,1699356134,1699359506,3372
7 Nov 2023 20:54:26.798,7 Nov 2023 21:50:39.738,3372.94,1699361666,1699365039,3373
7 Nov 2023 22:26:39.342,7 Nov 2023 23:22:52.714,3373.372,1699367199,1699370572,3373
7 Nov 2023 23:58:51.881,8 Nov 2023 00:55:05.690,3373.809,1699372731,1699376105,3374
8 Nov 2023 01:31:04.414,8 Nov 2023 02:27:18.664,3374.25,1699378264,1699381638,3374
8 Nov 2023 03:03:16.868,8 Nov 2023 03:59:31.548,3374.68,1699383796,1699387171,3375
8 Nov 2023 04:35:29.377,8 Nov 2023 05:31:44.506,3375.13,1699389329,1699392704,3375
8 Nov 2023 06:07:41.879,8 Nov 2023 07:03:57.462,3375.583,1699394861,1699398237,3376
8 Nov 2023 07:39:54.376,8 Nov 2023 08:36:10.417,3376.041,1699400394,1699403770,3376
8 Nov 2023 09:12:06.867,8 Nov 2023 10:08:23.369,3376.502,1699405926,1699409303,3377
8 Nov 2023 10:44:19.351,8 Nov 2023 11:40:36.319,3376.967,1699411459,1699414836,3377
8 Nov 2023 12:16:31.804,8 Nov 2023 13:12:49.226,3377.422,1699416991,1699420369,3378
8 Nov 2023 13:48:44.242,8 Nov 2023 14:45:02.122,3377.88,1699422524,1699425902,3378
8 Nov 2023 15:20:56.693,8 Nov 2023 16:17:15.048,3378.355,1699428056,1699431435,3379
8 Nov 2023 16:53:09.137,8 Nov 2023 17:49:27.967,3378.83,1699433589,1699436967,3378
8 Nov 2023 18:25:21.576,8 Nov 2023 19:21:40.884,3379.308,1699439121,1699442500,3379
8 Nov 2023 19:57:34.120,8 Nov 2023 20:53:53.938,3379.818,1699444654,1699448033,3379
8 Nov 2023 21:29:46.571,8 Nov 2023 22:26:06.873,3380.302,1699450186,1699453566,3380
8 Nov 2023 23:01:59.019,8 Nov 2023 23:58:19.810,3380.791,1699455719,1699459099,3380
9 Nov 2023 00:34:11.463,9 Nov 2023 01:30:32.745,3381.282,1699461251,1699464632,3381
9 Nov 2023 02:06:23.904,9 Nov 2023 03:02:45.679,3381.775,1699466783,1699470165,3382
9 Nov 2023 03:38:36.341,9 Nov 2023 04:34:58.610,3382.269,1699472316,1699475698,3382
9 Nov 2023 05:10:48.821,9 Nov 2023 06:07:11.580,3382.759,1699477848,1699481231,3383
9 Nov 2023 06:43:01.252,9 Nov 2023 07:39:24.507,3383.255,1699483381,1699486764,3383
9 Nov 2023 08:15:13.680,9 Nov 2023 09:11:37.433,3383.753,1699488913,1699492297,3384
9 Nov 2023 09:47:26.107,9 Nov 2023 10:43:50.357,3384.25,1699494446,1699497830,3384
9 Nov 2023 11:19:38.530,9 Nov 2023 12:16:03.278,3384.748,1699499978,1699503363,3385
9 Nov 2023 12:51:50.980,9 Nov 2023 13:48:16.232,3385.253,1699505510,1699508896,3386
9 Nov 2023 14:24:03.404,9 Nov 2023 15:20:29.162,3385.757,1699511043,1699514429,3386
9 Nov 2023 15:56:15.825,9 Nov 2023 16:52:42.080,3386.256,1699516575,1699519962,3387
9 Nov 2023 17:28:28.249,9 Nov 2023 18:24:55.002,3386.752,1699522108,1699525495,3387
9 Nov 2023 19:00:40.673,9 Nov 2023 19:57:07.927,3387.254,1699527640,1699531027,3387
9 Nov 2023 20:32:53.095,9 Nov 2023 21:29:20.847,3387.752,1699533173,1699536560,3387
9 Nov 2023 22:05:05.516,9 Nov 2023 23:01:33.765,3388.249,1699538705,1699542093,3388
9 Nov 2023 23:37:17.937,10 Nov 2023 00:33:46.681,3388.744,1699544237,1699547626,3389
10 Nov 2023 01:09:30.356,10 Nov 2023 02:05:59.595,3389.238,1699549770,1699553159,3389
10 Nov 2023 02:41:42.775,10 Nov 2023 03:38:12.506,3389.731,1699555302,1699558692,3390
10 Nov 2023 04:13:55.295,10 Nov 2023 05:10:25.515,3390.22,1699560835,1699564225,3390
10 Nov 2023 05:46:07.719,10 Nov 2023 06:42:38.426,3390.708,1699566367,1699569758,3391
10 Nov 2023 07:18:20.142,10 Nov 2023 08:14:51.335,3391.193,1699571900,1699575291,3391
10 Nov 2023 08:50:32.564,10 Nov 2023 09:47:04.240,3391.676,1699577432,1699580824,3392
10 Nov 2023 10:22:44.986,10 Nov 2023 11:19:17.142,3392.156,1699582964,1699586357,3393
10 Nov 2023 11:54:57.415,10 Nov 2023 12:51:30.045,3392.629,1699588497,1699591890,3393
10 Nov 2023 13:27:09.827,10 Nov 2023 14:23:42.928,3393.101,1699594029,1699597422,3393
10 Nov 2023 14:59:22.248,10 Nov 2023 15:55:55.819,3393.571,1699599562,1699602955,3393
10 Nov 2023 16:31:34.669,10 Nov 2023 17:28:08.706,3394.037,1699605094,1699608488,3394
10 Nov 2023 18:03:47.088,10 Nov 2023 19:00:21.588,3394.499,1699610627,1699614021,3394
10 Nov 2023 19:35:59.538,10 Nov 2023 20:32:34.497,3394.958,1699616159,1699619554,3395
10 Nov 2023 21:08:11.960,10 Nov 2023 22:04:47.376,3395.416,1699621691,1699625087,3396
10 Nov 2023 22:40:24.385,10 Nov 2023 23:37:00.250,3395.866,1699627224,1699630620,3396
11 Nov 2023 00:12:36.812,11 Nov 2023 01:09:13.120,3396.308,1699632756,1699636153,3397
11 Nov 2023 01:44:49.234,11 Nov 2023 02:41:25.986,3396.752,1699638289,1699641685,3396
11 Nov 2023 03:17:01.718,11 Nov 2023 04:13:38.907,3397.19,1699643821,1699647218,3397
11 Nov 2023 04:49:14.148,11 Nov 2023 05:45:51.772,3397.625,1699649354,1699652751,3397
11 Nov 2023 06:21:26.584,11 Nov 2023 07:18:04.628,3398.044,1699654886,1699658284,3398
11 Nov 2023 07:53:39.018,11 Nov 2023 08:50:17.480,3398.463,1699660419,1699663817,3398
11 Nov 2023 09:25:51.450,11 Nov 2023 10:22:30.327,3398.877,1699665951,1699669350,3399
11 Nov 2023 10:58:03.855,11 Nov 2023 11:54:43.132,3399.277,1699671483,1699674883,3400
11 Nov 2023 12:30:16.290,11 Nov 2023 13:26:55.964,3399.673,1699677016,1699680415,3399
11 Nov 2023 14:02:28.720,11 Nov 2023 14:59:08.786,3400.066,1699682548,1699685948,3400
11 Nov 2023 15:34:41.149,11 Nov 2023 16:31:21.601,3400.452,1699688081,1699691481,3400
11 Nov 2023 17:06:53.580,11 Nov 2023 18:03:34.409,3400.829,1699693613,1699697014,3401
11 Nov 2023 18:39:06.007,11 Nov 2023 19:35:47.209,3401.203,1699699146,1699702547,3401
11 Nov 2023 20:11:18.469,11 Nov 2023 21:08:00.032,3401.563,1699704678,1699708080,3402
11 Nov 2023 21:43:30.899,11 Nov 2023 22:40:12.818,3401.919,1699710210,1699713612,3402
11 Nov 2023 23:15:43.326,12 Nov 2023 00:12:25.595,3402.269,1699715743,1699719145,3402
12 Nov 2023 00:47:55.756,12 Nov 2023 01:44:38.363,3402.607,1699721275,1699724678,3403
12 Nov 2023 02:20:08.183,12 Nov 2023 03:16:51.190,3403.007,1699726808,1699730211,3403
12 Nov 2023 03:52:20.679,12 Nov 2023 04:49:03.950,3403.271,1699732340,1699735743,3403
12 Nov 2023 05:24:33.114,12 Nov 2023 06:21:16.702,3403.588,1699737873,1699741276,3403
12 Nov 2023 06:56:45.550,12 Nov 2023 07:53:29.442,3403.892,1699743405,1699746809,3404
12 Nov 2023 08:28:57.981,12 Nov 2023 09:25:42.172,3404.191,1699748937,1699752342,3405
12 Nov 2023 10:01:10.414,12 Nov 2023 10:57:54.892,3404.479,1699754470,1699757874,3404
12 Nov 2023 11:33:22.845,12 Nov 2023 12:30:07.602,3404.758,1699760002,1699763407,3405
12 Nov 2023 13:05:35.275,12 Nov 2023 14:02:20.301,3405.027,1699765535,1699768940,3405
12 Nov 2023 14:37:47.703,12 Nov 2023 15:34:32.989,3405.286,1699771067,1699774472,3405
12 Nov 2023 16:10:00.130,12 Nov 2023 17:06:45.665,3405.536,1699776600,1699780005,3405
12 Nov 2023 17:42:12.554,12 Nov 2023 18:38:58.302,3405.748,1699782132,1699785538,3406
12 Nov 2023 19:14:24.954,12 Nov 2023 20:11:10.935,3405.981,1699787664,1699791070,3406
12 Nov 2023 20:46:37.355,12 Nov 2023 21:43:23.552,3406.197,1699793197,1699796603,3406
12 Nov 2023 22:18:49.751,12 Nov 2023 23:15:36.154,3406.403,1699798729,1699802136,3407
12 Nov 2023 23:51:02.142,13 Nov 2023 00:00:00.000,537.858,1699804262,1699804800,538
